{
  "dataset": "scifact-claims",
  "split": "dev",
  "num_claims": 188,
  "num_candidates": 2031,
  "gold_base_rate": 0.18020679468242246,
  "nli_model": "cross-encoder/nli-deberta-v3-small",
  "methods": {
    "nli": {
      "roc_auc": 0.6883604916391801,
      "pr_auc": 0.331125130463293,
      "f1": 0.38679245283018876,
      "f1_tau": 0.35,
      "aurc": 0.3726515221262706,
      "ece": 0.21341345697606834
    },
    "lexical_overlap": {
      "roc_auc": 0.6858916293342523,
      "pr_auc": 0.37081432964062805,
      "f1": 0.11224489795918367,
      "f1_tau": 0.3,
      "aurc": 0.102321312525033,
      "ece": 0.11088021377832692
    },
    "cross_encoder": {
      "roc_auc": 0.7553799701340685,
      "pr_auc": 0.4761645540276175,
      "f1": 0.4764468371467026,
      "f1_tau": 0.9,
      "aurc": 0.09484984920158948,
      "ece": 0.011857449834141928
    }
  }
}