{
  "dataset": "scifact-claims",
  "split": "dev",
  "num_claims": 188,
  "num_candidates": 2031,
  "gold_base_rate": 0.18020679468242246,
  "threshold_tuned_on": "train",
  "ce_minus_nli_auroc": 0.067,
  "nli_model": "cross-encoder/nli-deberta-v3-small",
  "methods": {
    "nli": {
      "roc_auc": 0.6883604916391801,
      "roc_auc_ci": [
        0.6517282761495355,
        0.7255297073650574
      ],
      "pr_auc": 0.331125130463293,
      "f1": 0.3675675675675676,
      "f1_tau": 0.8
    },
    "lexical_overlap": {
      "roc_auc": 0.6858916293342523,
      "roc_auc_ci": [
        0.6523293513784686,
        0.7195911563915443
      ],
      "pr_auc": 0.37081432964062805,
      "f1": 0.11224489795918367,
      "f1_tau": 0.3
    },
    "cross_encoder": {
      "roc_auc": 0.7553799701340685,
      "roc_auc_ci": [
        0.7211319903878559,
        0.7931489618502228
      ],
      "pr_auc": 0.4761645540276175,
      "f1": 0.4690721649484536,
      "f1_tau": 0.4
    }
  }
}